Crop,trend_coeff
WW,0.15629587803500833
WRye,-0.016939582156973314
WB,0.3707509881422925
SB,0.3702428006775833
OAT,-0.1461321287408243
TR,0.1835121400338792
PO,1.4866177300959913
SU,10.16070016939582
SM,-1.1586109542631284
WR,0.017843026538678794
