{  
  "AssimilatePartitioningCoeff":[  
    [  
      0.5,
      0.5,
      0,
      0
    ],
    [  
      0.25,
      0.23000000000000001,
      0.52000000000000002,
      0
    ],
    [  
      0.17000000000000001,
      0.23000000000000001,
      0.5,
      0.10000000000000001
    ],
    [  
      0,
      0,
      0,
      1
    ],
    [  
      0,
      0,
      0,
      1
    ],
    [  
      0,
      0,
      0,
      0
    ]
  ],
  "BaseDaylength":[  
    [  
      0,
      0,
      10,
      0,
      0,
      0
    ],
    "h"
  ],
  "BeginSensitivePhaseHeatStress":[  
    550,
    "°C d"
  ],
  "CriticalTemperatureHeatStress":[  
    31,
    "°C"
  ],
  "CropHeightP1":12,
  "CropHeightP2":0.60000002384185791,
  "CropSpecificMaxRootingDepth":0.94,
  "CultivarName":"spring barley",
  "DaylengthRequirement":[  
    [  
      0,
      16,
      25,
      0,
      0,
      0
    ],
    "h"
  ],
  "Description":"",
  "DroughtStressThreshold":[  
    0.88,
    0.54,
    0.75,
    0.96,
    0.43,
    0.36
  ],
  "EndSensitivePhaseHeatStress":[  
    670,
    "°C d"
  ],
  "FrostDehardening":5.0500001907348633,
  "FrostHardening":0.014000000432133675,
  "HeatSumIrrigationEnd":1032,
  "HeatSumIrrigationStart":560,
  "LT50cultivar":-10,
  "LatestHarvestDoy":-1,
  "LowTemperatureExposure":0.65399998426437378,
  "MaxAssimilationRate":30,
  "MaxCropHeight":[  
    0.87000000476837158,
    "m"
  ],
  "OptimumTemperature":[  
    [  
      30,
      30,
      30,
      30,
      30,
      30
    ],
    "°C"
  ],
  "OrganIdsForCutting":[  

  ],
  "OrganIdsForPrimaryYield":[  
    {  
      "organId":4,
      "type":"YieldComponent",
      "yieldDryMatter":0.85999999999999999,
      "yieldPercentage":0.94999999999999996
    }
  ],
  "OrganIdsForSecondaryYield":[  
    {  
      "organId":2,
      "type":"YieldComponent",
      "yieldDryMatter":0.85999999999999999,
      "yieldPercentage":0.84999999999999998
    },
    {  
      "organId":3,
      "type":"YieldComponent",
      "yieldDryMatter":0.85999999999999999,
      "yieldPercentage":0.84999999999999998
    }
  ],
  "OrganSenescenceRate":[  
    [  
      0,
      0,
      0,
      0
    ],
    [  
      0,
      0,
      0,
      0
    ],
    [  
      0,
      0,
      0,
      0
    ],
    [  
      0,
      0,
      0,
      0
    ],
    [  
      0,
      0.029999999999999999,
      0.002,
      0
    ],
    [  
      0,
      0.029999999999999999,
      0.002,
      0
    ]
  ],
  "Perennial":false,
  "ResidueNRatio":0.30000001192092896,
  "RespiratoryStress":0.54000002145767212,
  "SpecificLeafArea":[  
    [  
      0.002,
      0.0019,
      0.0018,
      0.0016999999999999999,
      0.0016000000000000001,
      0.0016000000000000001
    ],
    "ha kg-1"
  ],
  "StageKcFactor":[  
    [  
      0.45,
      0.79,
      1.3,
      1.3,
      0.98,
      0.26
    ],
    "1;0"
  ],
  "StageTemperatureSum":[  
    [  
      102,
      260,
      266,
      102,
      410,
      22
    ],
    "°C d"
  ],
  "VernalisationRequirement":[  
    0,
    0,
    0,
    0,
    0,
    0
  ],
  "type":"CultivarParameters"
}